{
  "seL4_projects_libs.git": 0.8703060150146484, 
  "camkes-arm-vm.git": 43.554572105407715, 
  "util_libs.git": 2.525099039077759, 
  "global-components.git": 0.784635066986084, 
  "seL4.git": 6.8689961433410645, 
  "seL4_tools.git": 1.359659194946289, 
  "projects_libs.git": 1.4290549755096436, 
  "musllibc.git": 4.40234899520874, 
  "camkes-tool.git": 4.903243064880371, 
  "seL4_libs.git": 2.499145984649658, 
  "capdl.git": 0.9235749244689941
}